Case ID,Activity,Timestamp
C-0001,Order Received,2025-01-05 00:00:00
C-0001,Payment Verified,2025-01-06 17:09:00
C-0001,Item Picked,2025-01-07 10:16:00
C-0001,Item Packed,2025-01-08 09:01:00
C-0001,Shipped,2025-01-09 22:25:00
C-0001,Delivered,2025-01-10 22:30:00
C-0002,Order Received,2025-01-03 00:00:00
C-0002,Payment Verified,2025-01-04 16:21:00
C-0002,Item Picked,2025-01-06 00:15:00
C-0002,Item Packed,2025-01-07 15:47:00
C-0002,Shipped,2025-01-08 03:11:00
C-0002,Delivered,2025-01-08 09:08:00
C-0003,Order Received,2025-02-18 00:00:00
C-0003,Payment Verified,2025-02-18 04:55:00
C-0003,Item Picked,2025-02-19 08:59:00
C-0003,Item Packed,2025-02-21 02:36:00
C-0003,Shipped,2025-02-22 10:05:00
C-0003,Delivered,2025-02-23 11:20:00
C-0004,Order Received,2025-03-31 00:00:00
C-0004,Payment Verified,2025-04-01 20:11:00
C-0004,Item Picked,2025-04-02 22:28:00
C-0004,Item Packed,2025-04-04 07:56:00
C-0004,Shipped,2025-04-05 16:00:00
C-0004,Delivered,2025-04-06 11:13:00
C-0005,Order Received,2025-02-20 00:00:00
C-0005,Payment Verified,2025-02-21 20:40:00
C-0005,Item Picked,2025-02-22 02:44:00
C-0005,Item Packed,2025-02-23 09:37:00
C-0005,Shipped,2025-02-23 12:44:00
C-0005,Delivered,2025-02-24 07:22:00
C-0006,Order Received,2025-02-01 00:00:00
C-0006,Payment Verified,2025-02-01 12:32:00
C-0006,Item Picked,2025-02-02 06:58:00
C-0006,Quality Check,2025-02-03 11:43:00
C-0006,Item Packed,2025-02-03 20:28:00
C-0006,Shipped,2025-02-05 15:39:00
C-0006,Delivered,2025-02-07 07:24:00
C-0007,Order Received,2025-03-03 00:00:00
C-0007,Payment Verified,2025-03-04 03:05:00
C-0007,Item Picked,2025-03-04 22:59:00
C-0007,Item Packed,2025-03-05 18:17:00
C-0007,Shipped,2025-03-06 11:23:00
C-0007,Delivered,2025-03-08 05:31:00
C-0008,Order Received,2025-03-03 00:00:00
C-0008,Payment Verified,2025-03-03 16:20:00
C-0008,Item Picked,2025-03-05 13:06:00
C-0008,Item Packed,2025-03-07 09:20:00
C-0008,Shipped,2025-03-08 05:50:00
C-0008,Delivered,2025-03-09 04:11:00
C-0009,Order Received,2025-02-02 00:00:00
C-0009,Payment Verified,2025-02-03 20:38:00
C-0009,Item Picked,2025-02-04 21:15:00
C-0009,Item Packed,2025-02-05 14:53:00
C-0009,Shipped,2025-02-07 15:19:00
C-0009,Delivered,2025-02-08 09:30:00
C-0010,Order Received,2025-02-01 00:00:00
C-0010,Payment Verified,2025-02-01 06:00:00
C-0010,Item Picked,2025-02-02 17:43:00
C-0010,Item Packed,2025-02-03 03:22:00
C-0010,Shipped,2025-02-04 20:44:00
C-0010,Delivered,2025-02-06 03:31:00
C-0011,Order Received,2025-01-20 00:00:00
C-0011,Payment Verified,2025-01-21 05:13:00
C-0011,Item Picked,2025-01-22 14:33:00
C-0011,Quality Check,2025-01-24 00:32:00
C-0011,Item Packed,2025-01-25 20:45:00
C-0011,Shipped,2025-01-27 08:02:00
C-0011,Delivered,2025-01-27 14:39:00
C-0012,Order Received,2025-01-21 00:00:00
C-0012,Payment Verified,2025-01-22 00:28:00
C-0012,Item Picked,2025-01-22 08:00:00
C-0012,Item Packed,2025-01-23 16:41:00
C-0012,Shipped,2025-01-24 01:08:00
C-0012,Return Requested,2025-01-24 05:40:00
C-0013,Order Received,2025-02-08 00:00:00
C-0013,Payment Verified,2025-02-09 07:06:00
C-0013,Item Picked,2025-02-09 08:59:00
C-0013,Item Packed,2025-02-10 11:21:00
C-0013,Shipped,2025-02-11 10:15:00
C-0013,Delivered,2025-02-11 15:31:00
C-0014,Order Received,2025-03-24 00:00:00
C-0014,Payment Verified,2025-03-24 08:48:00
C-0014,Item Picked,2025-03-24 22:15:00
C-0014,Item Packed,2025-03-25 12:41:00
C-0014,Shipped,2025-03-25 19:34:00
C-0014,Delivered,2025-03-27 16:14:00
C-0015,Order Received,2025-01-13 00:00:00
C-0015,Payment Verified,2025-01-13 19:00:00
C-0015,Item Out of Stock,2025-01-14 04:54:00
C-0015,Customer Notified,2025-01-14 20:23:00
C-0015,Order Cancelled,2025-01-14 22:50:00
C-0016,Order Received,2025-01-20 00:00:00
C-0016,Payment Verified,2025-01-20 14:14:00
C-0016,Item Picked,2025-01-22 09:52:00
C-0016,Item Packed,2025-01-24 04:56:00
C-0016,Shipped,2025-01-25 11:23:00
C-0016,Delivered,2025-01-26 11:15:00
C-0017,Order Received,2025-01-16 00:00:00
C-0017,Payment Verified,2025-01-16 11:41:00
C-0017,Item Picked,2025-01-17 13:39:00
C-0017,Quality Check,2025-01-18 21:11:00
C-0017,Item Packed,2025-01-19 11:36:00
C-0017,Shipped,2025-01-20 23:03:00
C-0017,Delivered,2025-01-21 17:34:00
C-0018,Order Received,2025-01-19 00:00:00
C-0018,Payment Verified,2025-01-19 10:05:00
C-0018,Item Picked,2025-01-20 10:07:00
C-0018,Item Packed,2025-01-22 01:41:00
C-0018,Shipped,2025-01-24 02:16:00
C-0018,Delivered,2025-01-25 20:35:00
C-0019,Order Received,2025-01-16 00:00:00
C-0019,Payment Verified,2025-01-16 18:56:00
C-0019,Item Out of Stock,2025-01-16 21:11:00
C-0019,Customer Notified,2025-01-17 01:21:00
C-0019,Order Cancelled,2025-01-19 02:14:00
C-0020,Order Received,2025-03-27 00:00:00
C-0020,Payment Verified,2025-03-28 09:06:00
C-0020,Item Picked,2025-03-30 09:48:00
C-0020,Item Packed,2025-03-31 02:56:00
C-0020,Shipped,2025-04-02 01:32:00
C-0020,Delivered,2025-04-03 02:29:00
C-0021,Order Received,2025-03-03 00:00:00
C-0021,Payment Verified,2025-03-03 19:44:00
C-0021,Item Picked,2025-03-04 12:12:00
C-0021,Item Packed,2025-03-05 20:08:00
C-0021,Shipped,2025-03-06 13:41:00
C-0021,Delivered,2025-03-06 20:06:00
C-0022,Order Received,2025-01-25 00:00:00
C-0022,Payment Verified,2025-01-25 14:59:00
C-0022,Item Picked,2025-01-26 15:42:00
C-0022,Item Packed,2025-01-28 15:15:00
C-0022,Shipped,2025-01-29 03:07:00
C-0022,Return Requested,2025-01-30 21:26:00
C-0023,Order Received,2025-03-13 00:00:00
C-0023,Payment Verified,2025-03-14 00:29:00
C-0023,Item Picked,2025-03-14 03:59:00
C-0023,Quality Check,2025-03-15 09:46:00
C-0023,Item Packed,2025-03-17 07:21:00
C-0023,Shipped,2025-03-18 16:47:00
C-0023,Delivered,2025-03-20 06:09:00
C-0024,Order Received,2025-03-26 00:00:00
C-0024,Payment Verified,2025-03-26 16:51:00
C-0024,Item Picked,2025-03-27 07:58:00
C-0024,Item Packed,2025-03-28 23:41:00
C-0024,Shipped,2025-03-30 06:47:00
C-0024,Delivered,2025-04-01 04:49:00
C-0025,Order Received,2025-02-04 00:00:00
C-0025,Payment Verified,2025-02-05 05:27:00
C-0025,Item Out of Stock,2025-02-05 13:37:00
C-0025,Customer Notified,2025-02-07 14:11:00
C-0025,Order Cancelled,2025-02-08 03:38:00
C-0026,Order Received,2025-01-27 00:00:00
C-0026,Payment Verified,2025-01-28 10:39:00
C-0026,Item Picked,2025-01-30 08:08:00
C-0026,Quality Check,2025-01-31 17:49:00
C-0026,Item Packed,2025-02-02 16:24:00
C-0026,Shipped,2025-02-04 02:28:00
C-0026,Delivered,2025-02-06 01:54:00
C-0027,Order Received,2025-01-20 00:00:00
C-0027,Payment Verified,2025-01-20 19:04:00
C-0027,Item Picked,2025-01-22 13:04:00
C-0027,Item Packed,2025-01-23 16:25:00
C-0027,Shipped,2025-01-24 23:02:00
C-0027,Return Requested,2025-01-25 11:14:00
C-0028,Order Received,2025-03-30 00:00:00
C-0028,Payment Verified,2025-03-31 11:15:00
C-0028,Item Picked,2025-04-01 00:05:00
C-0028,Item Packed,2025-04-01 10:08:00
C-0028,Shipped,2025-04-02 15:30:00
C-0028,Delivered,2025-04-02 16:49:00
C-0029,Order Received,2025-02-24 00:00:00
C-0029,Payment Verified,2025-02-24 10:24:00
C-0029,Item Picked,2025-02-24 22:37:00
C-0029,Item Packed,2025-02-25 02:09:00
C-0029,Shipped,2025-02-25 05:43:00
C-0029,Delivered,2025-02-25 14:59:00
C-0030,Order Received,2025-01-04 00:00:00
C-0030,Payment Verified,2025-01-05 12:10:00
C-0030,Item Picked,2025-01-06 04:49:00
C-0030,Quality Check,2025-01-07 01:10:00
C-0030,Item Packed,2025-01-08 21:59:00
C-0030,Shipped,2025-01-09 06:04:00
C-0030,Delivered,2025-01-10 10:38:00
C-0031,Order Received,2025-01-02 00:00:00
C-0031,Payment Verified,2025-01-03 05:52:00
C-0031,Item Out of Stock,2025-01-04 13:48:00
C-0031,Customer Notified,2025-01-06 13:49:00
C-0031,Order Cancelled,2025-01-08 13:15:00
C-0032,Order Received,2025-03-18 00:00:00
C-0032,Payment Verified,2025-03-18 17:54:00
C-0032,Item Picked,2025-03-19 00:40:00
C-0032,Item Packed,2025-03-19 03:47:00
C-0032,Shipped,2025-03-20 03:39:00
C-0032,Delivered,2025-03-21 10:01:00
C-0033,Order Received,2025-02-24 00:00:00
C-0033,Payment Verified,2025-02-24 15:11:00
C-0033,Item Picked,2025-02-24 17:10:00
C-0033,Item Packed,2025-02-25 22:04:00
C-0033,Shipped,2025-02-26 15:28:00
C-0033,Delivered,2025-02-27 13:08:00
C-0034,Order Received,2025-01-04 00:00:00
C-0034,Payment Verified,2025-01-04 01:40:00
C-0034,Item Picked,2025-01-04 19:55:00
C-0034,Quality Check,2025-01-06 00:28:00
C-0034,Item Packed,2025-01-07 12:01:00
C-0034,Shipped,2025-01-08 11:11:00
C-0034,Delivered,2025-01-09 06:24:00
C-0035,Order Received,2025-01-18 00:00:00
C-0035,Payment Verified,2025-01-18 04:36:00
C-0035,Item Picked,2025-01-19 15:14:00
C-0035,Quality Check,2025-01-21 09:30:00
C-0035,Item Packed,2025-01-22 17:24:00
C-0035,Shipped,2025-01-24 05:03:00
C-0035,Delivered,2025-01-24 22:49:00
C-0036,Order Received,2025-02-12 00:00:00
C-0036,Payment Verified,2025-02-12 12:27:00
C-0036,Item Picked,2025-02-13 23:21:00
C-0036,Quality Check,2025-02-14 15:22:00
C-0036,Item Packed,2025-02-16 09:50:00
C-0036,Shipped,2025-02-17 06:43:00
C-0036,Delivered,2025-02-18 16:29:00
C-0037,Order Received,2025-01-04 00:00:00
C-0037,Payment Verified,2025-01-05 12:12:00
C-0037,Item Picked,2025-01-05 16:47:00
C-0037,Quality Check,2025-01-06 11:44:00
C-0037,Item Packed,2025-01-08 11:36:00
C-0037,Shipped,2025-01-10 06:05:00
C-0037,Delivered,2025-01-11 23:27:00
C-0038,Order Received,2025-01-18 00:00:00
C-0038,Payment Verified,2025-01-19 05:29:00
C-0038,Item Picked,2025-01-19 07:33:00
C-0038,Item Packed,2025-01-20 16:54:00
C-0038,Shipped,2025-01-21 22:54:00
C-0038,Delivered,2025-01-23 21:57:00
C-0039,Order Received,2025-01-21 00:00:00
C-0039,Payment Verified,2025-01-22 19:27:00
C-0039,Item Picked,2025-01-24 04:36:00
C-0039,Item Packed,2025-01-24 13:02:00
C-0039,Shipped,2025-01-24 14:09:00
C-0039,Return Requested,2025-01-25 07:23:00
C-0040,Order Received,2025-01-04 00:00:00
C-0040,Payment Verified,2025-01-04 06:34:00
C-0040,Item Out of Stock,2025-01-05 20:51:00
C-0040,Customer Notified,2025-01-06 12:44:00
C-0040,Order Cancelled,2025-01-08 03:51:00
C-0041,Order Received,2025-03-24 00:00:00
C-0041,Payment Verified,2025-03-25 09:59:00
C-0041,Item Picked,2025-03-26 04:04:00
C-0041,Item Packed,2025-03-26 21:28:00
C-0041,Shipped,2025-03-27 00:39:00
C-0041,Return Requested,2025-03-27 02:39:00
C-0042,Order Received,2025-03-24 00:00:00
C-0042,Payment Verified,2025-03-24 03:20:00
C-0042,Item Picked,2025-03-26 02:33:00
C-0042,Item Packed,2025-03-27 00:39:00
C-0042,Shipped,2025-03-27 02:05:00
C-0042,Return Requested,2025-03-28 00:16:00
C-0043,Order Received,2025-02-19 00:00:00
C-0043,Payment Verified,2025-02-19 19:37:00
C-0043,Item Picked,2025-02-21 11:43:00
C-0043,Item Packed,2025-02-23 12:00:00
C-0043,Shipped,2025-02-25 00:29:00
C-0043,Delivered,2025-02-27 00:54:00
C-0044,Order Received,2025-03-27 00:00:00
C-0044,Payment Verified,2025-03-27 06:39:00
C-0044,Item Picked,2025-03-28 00:53:00
C-0044,Item Packed,2025-03-29 09:59:00
C-0044,Shipped,2025-03-29 18:33:00
C-0044,Delivered,2025-03-31 05:57:00
C-0045,Order Received,2025-03-25 00:00:00
C-0045,Payment Verified,2025-03-25 22:42:00
C-0045,Item Picked,2025-03-26 10:38:00
C-0045,Item Packed,2025-03-28 07:53:00
C-0045,Shipped,2025-03-28 22:31:00
C-0045,Delivered,2025-03-29 15:38:00
C-0046,Order Received,2025-03-18 00:00:00
C-0046,Payment Verified,2025-03-19 20:12:00
C-0046,Item Picked,2025-03-21 13:20:00
C-0046,Quality Check,2025-03-22 15:39:00
C-0046,Item Packed,2025-03-23 08:00:00
C-0046,Shipped,2025-03-23 22:17:00
C-0046,Delivered,2025-03-25 05:45:00
C-0047,Order Received,2025-03-26 00:00:00
C-0047,Payment Verified,2025-03-27 03:14:00
C-0047,Item Picked,2025-03-29 00:24:00
C-0047,Item Packed,2025-03-29 11:34:00
C-0047,Shipped,2025-03-30 00:27:00
C-0047,Delivered,2025-03-30 07:24:00
C-0048,Order Received,2025-03-26 00:00:00
C-0048,Payment Verified,2025-03-26 02:19:00
C-0048,Item Picked,2025-03-28 01:08:00
C-0048,Quality Check,2025-03-28 20:22:00
C-0048,Item Packed,2025-03-29 11:15:00
C-0048,Shipped,2025-03-30 05:06:00
C-0048,Delivered,2025-03-31 18:33:00
C-0049,Order Received,2025-01-11 00:00:00
C-0049,Payment Verified,2025-01-12 19:29:00
C-0049,Item Picked,2025-01-13 21:15:00
C-0049,Item Packed,2025-01-14 14:07:00
C-0049,Shipped,2025-01-15 07:17:00
C-0049,Return Requested,2025-01-16 23:59:00
C-0050,Order Received,2025-01-30 00:00:00
C-0050,Payment Verified,2025-01-31 14:32:00
C-0050,Item Out of Stock,2025-02-01 21:06:00
C-0050,Customer Notified,2025-02-03 00:38:00
C-0050,Order Cancelled,2025-02-03 09:46:00
C-0051,Order Received,2025-03-15 00:00:00
C-0051,Payment Verified,2025-03-15 20:28:00
C-0051,Item Picked,2025-03-16 21:01:00
C-0051,Item Packed,2025-03-17 17:00:00
C-0051,Shipped,2025-03-19 08:37:00
C-0051,Delivered,2025-03-19 13:14:00
C-0052,Order Received,2025-03-28 00:00:00
C-0052,Payment Verified,2025-03-28 09:02:00
C-0052,Item Picked,2025-03-29 00:01:00
C-0052,Item Packed,2025-03-30 18:08:00
C-0052,Shipped,2025-03-31 14:59:00
C-0052,Delivered,2025-04-02 01:41:00
C-0053,Order Received,2025-02-04 00:00:00
C-0053,Payment Verified,2025-02-04 14:06:00
C-0053,Item Picked,2025-02-05 16:26:00
C-0053,Item Packed,2025-02-07 16:40:00
C-0053,Shipped,2025-02-08 14:35:00
C-0053,Delivered,2025-02-09 17:51:00
C-0054,Order Received,2025-03-26 00:00:00
C-0054,Payment Verified,2025-03-26 18:03:00
C-0054,Item Picked,2025-03-28 14:56:00
C-0054,Quality Check,2025-03-30 03:00:00
C-0054,Item Packed,2025-03-31 21:12:00
C-0054,Shipped,2025-04-02 12:25:00
C-0054,Delivered,2025-04-03 16:54:00
C-0055,Order Received,2025-03-04 00:00:00
C-0055,Payment Verified,2025-03-05 04:26:00
C-0055,Item Picked,2025-03-07 05:19:00
C-0055,Item Packed,2025-03-07 19:58:00
C-0055,Shipped,2025-03-09 01:12:00
C-0055,Return Requested,2025-03-09 15:31:00
C-0056,Order Received,2025-01-30 00:00:00
C-0056,Payment Verified,2025-01-31 16:29:00
C-0056,Item Picked,2025-02-01 03:21:00
C-0056,Quality Check,2025-02-01 08:16:00
C-0056,Item Packed,2025-02-02 16:51:00
C-0056,Shipped,2025-02-03 18:00:00
C-0056,Delivered,2025-02-04 07:34:00
C-0057,Order Received,2025-01-17 00:00:00
C-0057,Payment Verified,2025-01-17 13:32:00
C-0057,Item Picked,2025-01-18 08:37:00
C-0057,Item Packed,2025-01-19 23:07:00
C-0057,Shipped,2025-01-21 13:47:00
C-0057,Delivered,2025-01-22 09:20:00
C-0058,Order Received,2025-02-09 00:00:00
C-0058,Payment Verified,2025-02-10 19:37:00
C-0058,Item Picked,2025-02-12 13:57:00
C-0058,Item Packed,2025-02-14 13:52:00
C-0058,Shipped,2025-02-16 14:16:00
C-0058,Delivered,2025-02-17 22:12:00
C-0059,Order Received,2025-02-20 00:00:00
C-0059,Payment Verified,2025-02-21 19:52:00
C-0059,Item Picked,2025-02-23 16:11:00
C-0059,Item Packed,2025-02-24 23:15:00
C-0059,Shipped,2025-02-25 14:54:00
C-0059,Delivered,2025-02-27 11:02:00
C-0060,Order Received,2025-02-20 00:00:00
C-0060,Payment Verified,2025-02-21 20:20:00
C-0060,Item Picked,2025-02-23 09:06:00
C-0060,Item Packed,2025-02-24 19:10:00
C-0060,Shipped,2025-02-25 10:55:00
C-0060,Delivered,2025-02-25 17:25:00
C-0061,Order Received,2025-02-16 00:00:00
C-0061,Payment Verified,2025-02-16 15:20:00
C-0061,Item Picked,2025-02-17 21:17:00
C-0061,Item Packed,2025-02-18 06:04:00
C-0061,Shipped,2025-02-19 15:52:00
C-0061,Return Requested,2025-02-19 18:18:00
C-0062,Order Received,2025-01-20 00:00:00
C-0062,Payment Verified,2025-01-21 00:20:00
C-0062,Item Picked,2025-01-23 00:44:00
C-0062,Item Packed,2025-01-24 12:05:00
C-0062,Shipped,2025-01-26 11:18:00
C-0062,Delivered,2025-01-27 22:00:00
C-0063,Order Received,2025-01-04 00:00:00
C-0063,Payment Verified,2025-01-04 23:46:00
C-0063,Item Picked,2025-01-05 10:32:00
C-0063,Item Packed,2025-01-05 19:01:00
C-0063,Shipped,2025-01-06 11:37:00
C-0063,Delivered,2025-01-06 23:20:00
C-0064,Order Received,2025-03-14 00:00:00
C-0064,Payment Verified,2025-03-14 15:36:00
C-0064,Item Picked,2025-03-16 00:33:00
C-0064,Item Packed,2025-03-17 06:29:00
C-0064,Shipped,2025-03-18 04:11:00
C-0064,Delivered,2025-03-18 09:57:00
C-0065,Order Received,2025-02-05 00:00:00
C-0065,Payment Verified,2025-02-06 03:17:00
C-0065,Item Picked,2025-02-08 02:10:00
C-0065,Item Packed,2025-02-09 22:22:00
C-0065,Shipped,2025-02-09 23:54:00
C-0065,Delivered,2025-02-11 22:21:00
C-0066,Order Received,2025-03-15 00:00:00
C-0066,Payment Verified,2025-03-16 17:02:00
C-0066,Item Out of Stock,2025-03-18 04:32:00
C-0066,Customer Notified,2025-03-19 22:14:00
C-0066,Order Cancelled,2025-03-20 18:56:00
C-0067,Order Received,2025-03-15 00:00:00
C-0067,Payment Verified,2025-03-16 20:48:00
C-0067,Item Picked,2025-03-18 10:33:00
C-0067,Item Packed,2025-03-20 11:04:00
C-0067,Shipped,2025-03-21 23:25:00
C-0067,Return Requested,2025-03-23 08:18:00
C-0068,Order Received,2025-03-24 00:00:00
C-0068,Payment Verified,2025-03-24 22:49:00
C-0068,Item Picked,2025-03-25 05:09:00
C-0068,Item Packed,2025-03-25 09:32:00
C-0068,Shipped,2025-03-27 10:29:00
C-0068,Delivered,2025-03-29 01:10:00
C-0069,Order Received,2025-03-16 00:00:00
C-0069,Payment Verified,2025-03-16 16:19:00
C-0069,Item Picked,2025-03-18 03:34:00
C-0069,Item Packed,2025-03-19 05:53:00
C-0069,Shipped,2025-03-20 00:56:00
C-0069,Delivered,2025-03-21 07:38:00
C-0070,Order Received,2025-03-12 00:00:00
C-0070,Payment Verified,2025-03-13 07:43:00
C-0070,Item Picked,2025-03-15 07:42:00
C-0070,Quality Check,2025-03-15 11:40:00
C-0070,Item Packed,2025-03-16 01:51:00
C-0070,Shipped,2025-03-16 17:56:00
C-0070,Delivered,2025-03-18 16:18:00
C-0071,Order Received,2025-02-27 00:00:00
C-0071,Payment Verified,2025-02-27 11:19:00
C-0071,Item Picked,2025-03-01 00:41:00
C-0071,Item Packed,2025-03-01 17:22:00
C-0071,Shipped,2025-03-03 03:59:00
C-0071,Delivered,2025-03-04 22:04:00
C-0072,Order Received,2025-01-13 00:00:00
C-0072,Payment Verified,2025-01-14 11:08:00
C-0072,Item Picked,2025-01-15 16:35:00
C-0072,Item Packed,2025-01-17 03:00:00
C-0072,Shipped,2025-01-18 19:00:00
C-0072,Return Requested,2025-01-20 15:22:00
C-0073,Order Received,2025-03-15 00:00:00
C-0073,Payment Verified,2025-03-15 03:31:00
C-0073,Item Picked,2025-03-15 17:19:00
C-0073,Item Packed,2025-03-15 23:25:00
C-0073,Shipped,2025-03-17 22:57:00
C-0073,Delivered,2025-03-19 17:21:00
C-0074,Order Received,2025-02-09 00:00:00
C-0074,Payment Verified,2025-02-10 10:09:00
C-0074,Item Picked,2025-02-10 14:33:00
C-0074,Item Packed,2025-02-12 02:20:00
C-0074,Shipped,2025-02-13 06:30:00
C-0074,Delivered,2025-02-15 06:45:00
C-0075,Order Received,2025-02-04 00:00:00
C-0075,Payment Verified,2025-02-04 17:56:00
C-0075,Item Picked,2025-02-04 23:59:00
C-0075,Item Packed,2025-02-05 07:22:00
C-0075,Shipped,2025-02-05 13:12:00
C-0075,Delivered,2025-02-06 11:32:00
C-0076,Order Received,2025-01-28 00:00:00
C-0076,Payment Verified,2025-01-28 12:19:00
C-0076,Item Picked,2025-01-28 13:21:00
C-0076,Quality Check,2025-01-29 23:00:00
C-0076,Item Packed,2025-01-30 01:45:00
C-0076,Shipped,2025-01-30 10:00:00
C-0076,Delivered,2025-01-30 19:51:00
C-0077,Order Received,2025-02-02 00:00:00
C-0077,Payment Verified,2025-02-04 00:11:00
C-0077,Item Picked,2025-02-05 03:22:00
C-0077,Quality Check,2025-02-06 12:39:00
C-0077,Item Packed,2025-02-08 10:11:00
C-0077,Shipped,2025-02-09 12:34:00
C-0077,Delivered,2025-02-09 17:33:00
C-0078,Order Received,2025-01-24 00:00:00
C-0078,Payment Verified,2025-01-24 02:20:00
C-0078,Item Out of Stock,2025-01-24 13:35:00
C-0078,Customer Notified,2025-01-25 17:05:00
C-0078,Order Cancelled,2025-01-27 02:43:00
C-0079,Order Received,2025-01-18 00:00:00
C-0079,Payment Verified,2025-01-18 23:18:00
C-0079,Item Picked,2025-01-19 16:30:00
C-0079,Item Packed,2025-01-21 03:35:00
C-0079,Shipped,2025-01-21 13:47:00
C-0079,Delivered,2025-01-22 05:27:00
C-0080,Order Received,2025-01-04 00:00:00
C-0080,Payment Verified,2025-01-04 23:40:00
C-0080,Item Picked,2025-01-05 14:10:00
C-0080,Item Packed,2025-01-06 09:41:00
C-0080,Shipped,2025-01-06 16:21:00
C-0080,Delivered,2025-01-07 18:02:00
C-0081,Order Received,2025-03-11 00:00:00
C-0081,Payment Verified,2025-03-11 21:30:00
C-0081,Item Picked,2025-03-12 07:02:00
C-0081,Item Packed,2025-03-12 10:00:00
C-0081,Shipped,2025-03-13 12:43:00
C-0081,Delivered,2025-03-14 02:14:00
C-0082,Order Received,2025-03-31 00:00:00
C-0082,Payment Verified,2025-04-01 12:43:00
C-0082,Item Picked,2025-04-02 10:24:00
C-0082,Quality Check,2025-04-03 07:07:00
C-0082,Item Packed,2025-04-03 20:14:00
C-0082,Shipped,2025-04-05 18:26:00
C-0082,Delivered,2025-04-07 16:15:00
C-0083,Order Received,2025-03-22 00:00:00
C-0083,Payment Verified,2025-03-22 05:06:00
C-0083,Item Picked,2025-03-23 23:33:00
C-0083,Item Packed,2025-03-25 05:36:00
C-0083,Shipped,2025-03-26 05:18:00
C-0083,Delivered,2025-03-26 15:53:00
C-0084,Order Received,2025-02-20 00:00:00
C-0084,Payment Verified,2025-02-20 17:31:00
C-0084,Item Picked,2025-02-22 00:03:00
C-0084,Item Packed,2025-02-22 03:29:00
C-0084,Shipped,2025-02-24 03:11:00
C-0084,Return Requested,2025-02-24 06:14:00
C-0085,Order Received,2025-02-06 00:00:00
C-0085,Payment Verified,2025-02-06 07:22:00
C-0085,Item Picked,2025-02-07 19:54:00
C-0085,Item Packed,2025-02-08 17:18:00
C-0085,Shipped,2025-02-10 08:10:00
C-0085,Delivered,2025-02-11 15:30:00
C-0086,Order Received,2025-03-17 00:00:00
C-0086,Payment Verified,2025-03-17 09:36:00
C-0086,Item Picked,2025-03-17 23:06:00
C-0086,Quality Check,2025-03-19 16:30:00
C-0086,Item Packed,2025-03-21 11:15:00
C-0086,Shipped,2025-03-22 09:32:00
C-0086,Delivered,2025-03-24 06:51:00
C-0087,Order Received,2025-03-19 00:00:00
C-0087,Payment Verified,2025-03-19 05:07:00
C-0087,Item Out of Stock,2025-03-19 12:18:00
C-0087,Customer Notified,2025-03-19 23:04:00
C-0087,Order Cancelled,2025-03-20 02:23:00
C-0088,Order Received,2025-01-31 00:00:00
C-0088,Payment Verified,2025-01-31 05:25:00
C-0088,Item Picked,2025-02-01 15:13:00
C-0088,Item Packed,2025-02-02 10:41:00
C-0088,Shipped,2025-02-02 17:23:00
C-0088,Delivered,2025-02-03 22:27:00
C-0089,Order Received,2025-02-28 00:00:00
C-0089,Payment Verified,2025-03-01 11:56:00
C-0089,Item Picked,2025-03-02 03:48:00
C-0089,Quality Check,2025-03-03 22:53:00
C-0089,Item Packed,2025-03-05 04:45:00
C-0089,Shipped,2025-03-05 11:41:00
C-0089,Delivered,2025-03-07 06:48:00
C-0090,Order Received,2025-03-02 00:00:00
C-0090,Payment Verified,2025-03-03 03:32:00
C-0090,Item Picked,2025-03-03 09:42:00
C-0090,Item Packed,2025-03-05 07:41:00
C-0090,Shipped,2025-03-06 16:24:00
C-0090,Delivered,2025-03-08 00:24:00
C-0091,Order Received,2025-02-21 00:00:00
C-0091,Payment Verified,2025-02-21 15:03:00
C-0091,Item Out of Stock,2025-02-23 13:20:00
C-0091,Customer Notified,2025-02-24 08:07:00
C-0091,Order Cancelled,2025-02-25 20:33:00
C-0092,Order Received,2025-01-07 00:00:00
C-0092,Payment Verified,2025-01-08 22:32:00
C-0092,Item Picked,2025-01-10 13:21:00
C-0092,Quality Check,2025-01-11 15:53:00
C-0092,Item Packed,2025-01-11 21:21:00
C-0092,Shipped,2025-01-13 09:49:00
C-0092,Delivered,2025-01-13 15:09:00
C-0093,Order Received,2025-03-30 00:00:00
C-0093,Payment Verified,2025-03-30 22:53:00
C-0093,Item Out of Stock,2025-03-31 16:09:00
C-0093,Customer Notified,2025-04-02 13:10:00
C-0093,Order Cancelled,2025-04-02 16:25:00
C-0094,Order Received,2025-04-01 00:00:00
C-0094,Payment Verified,2025-04-02 23:42:00
C-0094,Item Picked,2025-04-03 21:07:00
C-0094,Quality Check,2025-04-05 11:05:00
C-0094,Item Packed,2025-04-05 23:30:00
C-0094,Shipped,2025-04-06 13:58:00
C-0094,Delivered,2025-04-07 13:54:00
C-0095,Order Received,2025-01-08 00:00:00
C-0095,Payment Verified,2025-01-08 20:17:00
C-0095,Item Picked,2025-01-09 13:43:00
C-0095,Item Packed,2025-01-11 01:08:00
C-0095,Shipped,2025-01-11 13:57:00
C-0095,Delivered,2025-01-13 12:06:00
C-0096,Order Received,2025-01-15 00:00:00
C-0096,Payment Verified,2025-01-15 12:00:00
C-0096,Item Picked,2025-01-17 06:47:00
C-0096,Item Packed,2025-01-18 01:53:00
C-0096,Shipped,2025-01-18 05:07:00
C-0096,Return Requested,2025-01-19 17:09:00
C-0097,Order Received,2025-03-12 00:00:00
C-0097,Payment Verified,2025-03-13 19:51:00
C-0097,Item Picked,2025-03-15 12:45:00
C-0097,Item Packed,2025-03-15 19:13:00
C-0097,Shipped,2025-03-16 04:25:00
C-0097,Return Requested,2025-03-16 22:46:00
C-0098,Order Received,2025-03-01 00:00:00
C-0098,Payment Verified,2025-03-02 14:16:00
C-0098,Item Picked,2025-03-04 09:40:00
C-0098,Item Packed,2025-03-06 00:03:00
C-0098,Shipped,2025-03-07 03:29:00
C-0098,Return Requested,2025-03-07 15:21:00
C-0099,Order Received,2025-02-24 00:00:00
C-0099,Payment Verified,2025-02-25 08:11:00
C-0099,Item Picked,2025-02-27 03:00:00
C-0099,Item Packed,2025-02-28 04:18:00
C-0099,Shipped,2025-03-01 06:54:00
C-0099,Return Requested,2025-03-02 11:31:00
C-0100,Order Received,2025-02-28 00:00:00
C-0100,Payment Verified,2025-03-01 10:38:00
C-0100,Item Picked,2025-03-02 01:40:00
C-0100,Quality Check,2025-03-02 23:53:00
C-0100,Item Packed,2025-03-03 08:08:00
C-0100,Shipped,2025-03-04 04:04:00
C-0100,Delivered,2025-03-05 08:59:00
C-0101,Order Received,2025-01-19 00:00:00
C-0101,Payment Verified,2025-01-19 07:35:00
C-0101,Item Picked,2025-01-20 02:46:00
C-0101,Item Packed,2025-01-21 06:14:00
C-0101,Shipped,2025-01-22 03:43:00
C-0101,Delivered,2025-01-22 05:43:00
C-0102,Order Received,2025-02-26 00:00:00
C-0102,Payment Verified,2025-02-26 02:32:00
C-0102,Item Picked,2025-02-27 18:53:00
C-0102,Item Packed,2025-02-28 08:32:00
C-0102,Shipped,2025-02-28 14:07:00
C-0102,Delivered,2025-03-01 05:47:00
C-0103,Order Received,2025-02-06 00:00:00
C-0103,Payment Verified,2025-02-07 10:11:00
C-0103,Item Picked,2025-02-09 00:24:00
C-0103,Item Packed,2025-02-09 18:22:00
C-0103,Shipped,2025-02-11 02:05:00
C-0103,Delivered,2025-02-11 06:26:00
C-0104,Order Received,2025-02-16 00:00:00
C-0104,Payment Verified,2025-02-16 13:51:00
C-0104,Item Picked,2025-02-18 03:00:00
C-0104,Item Packed,2025-02-19 02:55:00
C-0104,Shipped,2025-02-20 21:26:00
C-0104,Delivered,2025-02-22 22:08:00
C-0105,Order Received,2025-03-31 00:00:00
C-0105,Payment Verified,2025-03-31 13:43:00
C-0105,Item Picked,2025-04-01 09:33:00
C-0105,Quality Check,2025-04-03 07:21:00
C-0105,Item Packed,2025-04-05 02:22:00
C-0105,Shipped,2025-04-06 21:29:00
C-0105,Delivered,2025-04-08 22:23:00
C-0106,Order Received,2025-03-09 00:00:00
C-0106,Payment Verified,2025-03-10 22:12:00
C-0106,Item Picked,2025-03-12 14:49:00
C-0106,Item Packed,2025-03-13 20:49:00
C-0106,Shipped,2025-03-14 23:58:00
C-0106,Delivered,2025-03-15 02:34:00
C-0107,Order Received,2025-02-16 00:00:00
C-0107,Payment Verified,2025-02-17 22:15:00
C-0107,Item Picked,2025-02-19 11:25:00
C-0107,Item Packed,2025-02-20 01:30:00
C-0107,Shipped,2025-02-20 09:30:00
C-0107,Delivered,2025-02-21 05:40:00
C-0108,Order Received,2025-01-26 00:00:00
C-0108,Payment Verified,2025-01-27 02:30:00
C-0108,Item Picked,2025-01-28 14:38:00
C-0108,Item Packed,2025-01-30 04:05:00
C-0108,Shipped,2025-01-30 06:49:00
C-0108,Delivered,2025-01-31 08:19:00
C-0109,Order Received,2025-02-13 00:00:00
C-0109,Payment Verified,2025-02-14 10:19:00
C-0109,Item Out of Stock,2025-02-15 19:25:00
C-0109,Customer Notified,2025-02-16 22:41:00
C-0109,Order Cancelled,2025-02-17 00:24:00
C-0110,Order Received,2025-02-07 00:00:00
C-0110,Payment Verified,2025-02-08 13:36:00
C-0110,Item Picked,2025-02-08 22:38:00
C-0110,Item Packed,2025-02-09 11:00:00
C-0110,Shipped,2025-02-10 07:14:00
C-0110,Delivered,2025-02-11 11:37:00
C-0111,Order Received,2025-02-14 00:00:00
C-0111,Payment Verified,2025-02-14 18:29:00
C-0111,Item Picked,2025-02-16 08:19:00
C-0111,Item Packed,2025-02-18 08:57:00
C-0111,Shipped,2025-02-19 18:17:00
C-0111,Delivered,2025-02-21 08:46:00
C-0112,Order Received,2025-01-17 00:00:00
C-0112,Payment Verified,2025-01-18 13:02:00
C-0112,Item Picked,2025-01-18 22:07:00
C-0112,Item Packed,2025-01-20 19:24:00
C-0112,Shipped,2025-01-22 09:35:00
C-0112,Delivered,2025-01-22 11:52:00
C-0113,Order Received,2025-01-02 00:00:00
C-0113,Payment Verified,2025-01-03 20:28:00
C-0113,Item Picked,2025-01-05 12:40:00
C-0113,Quality Check,2025-01-07 08:54:00
C-0113,Item Packed,2025-01-08 07:20:00
C-0113,Shipped,2025-01-08 21:28:00
C-0113,Delivered,2025-01-10 09:53:00
C-0114,Order Received,2025-03-10 00:00:00
C-0114,Payment Verified,2025-03-11 01:24:00
C-0114,Item Picked,2025-03-12 20:54:00
C-0114,Quality Check,2025-03-14 02:40:00
C-0114,Item Packed,2025-03-15 14:54:00
C-0114,Shipped,2025-03-17 15:12:00
C-0114,Delivered,2025-03-19 10:51:00
C-0115,Order Received,2025-03-30 00:00:00
C-0115,Payment Verified,2025-03-30 06:23:00
C-0115,Item Picked,2025-04-01 04:39:00
C-0115,Item Packed,2025-04-02 13:54:00
C-0115,Shipped,2025-04-04 11:44:00
C-0115,Delivered,2025-04-05 15:32:00
C-0116,Order Received,2025-03-07 00:00:00
C-0116,Payment Verified,2025-03-08 04:48:00
C-0116,Item Picked,2025-03-10 03:25:00
C-0116,Item Packed,2025-03-12 00:49:00
C-0116,Shipped,2025-03-13 22:56:00
C-0116,Delivered,2025-03-15 06:08:00
C-0117,Order Received,2025-03-25 00:00:00
C-0117,Payment Verified,2025-03-25 22:17:00
C-0117,Item Out of Stock,2025-03-26 08:28:00
C-0117,Customer Notified,2025-03-27 22:08:00
C-0117,Order Cancelled,2025-03-29 22:40:00
C-0118,Order Received,2025-03-19 00:00:00
C-0118,Payment Verified,2025-03-20 21:17:00
C-0118,Item Picked,2025-03-21 23:25:00
C-0118,Quality Check,2025-03-22 17:26:00
C-0118,Item Packed,2025-03-23 13:05:00
C-0118,Shipped,2025-03-24 09:57:00
C-0118,Delivered,2025-03-26 04:08:00
C-0119,Order Received,2025-01-13 00:00:00
C-0119,Payment Verified,2025-01-14 10:50:00
C-0119,Item Picked,2025-01-14 12:19:00
C-0119,Item Packed,2025-01-15 00:06:00
C-0119,Shipped,2025-01-15 15:49:00
C-0119,Delivered,2025-01-16 19:42:00
C-0120,Order Received,2025-03-07 00:00:00
C-0120,Payment Verified,2025-03-07 17:45:00
C-0120,Item Picked,2025-03-08 20:03:00
C-0120,Item Packed,2025-03-08 22:21:00
C-0120,Shipped,2025-03-10 06:51:00
C-0120,Return Requested,2025-03-11 12:59:00
C-0121,Order Received,2025-02-28 00:00:00
C-0121,Payment Verified,2025-02-28 12:45:00
C-0121,Item Picked,2025-03-01 15:12:00
C-0121,Quality Check,2025-03-03 04:22:00
C-0121,Item Packed,2025-03-03 13:29:00
C-0121,Shipped,2025-03-03 20:40:00
C-0121,Delivered,2025-03-04 08:07:00
C-0122,Order Received,2025-03-03 00:00:00
C-0122,Payment Verified,2025-03-03 18:33:00
C-0122,Item Picked,2025-03-04 11:41:00
C-0122,Item Packed,2025-03-05 22:10:00
C-0122,Shipped,2025-03-07 05:22:00
C-0122,Delivered,2025-03-07 23:20:00
C-0123,Order Received,2025-02-21 00:00:00
C-0123,Payment Verified,2025-02-22 20:48:00
C-0123,Item Picked,2025-02-24 01:33:00
C-0123,Quality Check,2025-02-25 05:19:00
C-0123,Item Packed,2025-02-26 10:04:00
C-0123,Shipped,2025-02-27 16:44:00
C-0123,Delivered,2025-02-28 05:50:00
C-0124,Order Received,2025-01-01 00:00:00
C-0124,Payment Verified,2025-01-01 02:51:00
C-0124,Item Picked,2025-01-01 13:00:00
C-0124,Item Packed,2025-01-01 23:19:00
C-0124,Shipped,2025-01-03 11:27:00
C-0124,Delivered,2025-01-04 12:06:00
C-0125,Order Received,2025-03-06 00:00:00
C-0125,Payment Verified,2025-03-07 15:32:00
C-0125,Item Picked,2025-03-07 23:57:00
C-0125,Item Packed,2025-03-08 17:08:00
C-0125,Shipped,2025-03-10 09:01:00
C-0125,Delivered,2025-03-11 16:05:00
C-0126,Order Received,2025-02-22 00:00:00
C-0126,Payment Verified,2025-02-22 22:35:00
C-0126,Item Picked,2025-02-23 11:49:00
C-0126,Item Packed,2025-02-23 19:01:00
C-0126,Shipped,2025-02-25 00:09:00
C-0126,Delivered,2025-02-25 04:13:00
C-0127,Order Received,2025-03-17 00:00:00
C-0127,Payment Verified,2025-03-18 02:24:00
C-0127,Item Picked,2025-03-19 17:34:00
C-0127,Quality Check,2025-03-20 11:15:00
C-0127,Item Packed,2025-03-22 00:52:00
C-0127,Shipped,2025-03-22 12:44:00
C-0127,Delivered,2025-03-24 04:45:00
C-0128,Order Received,2025-03-23 00:00:00
C-0128,Payment Verified,2025-03-23 23:58:00
C-0128,Item Picked,2025-03-25 00:21:00
C-0128,Item Packed,2025-03-26 00:49:00
C-0128,Shipped,2025-03-27 16:59:00
C-0128,Delivered,2025-03-29 10:39:00
C-0129,Order Received,2025-03-13 00:00:00
C-0129,Payment Verified,2025-03-14 01:21:00
C-0129,Item Picked,2025-03-14 21:23:00
C-0129,Quality Check,2025-03-15 23:14:00
C-0129,Item Packed,2025-03-17 08:05:00
C-0129,Shipped,2025-03-19 06:43:00
C-0129,Delivered,2025-03-21 07:02:00
C-0130,Order Received,2025-01-31 00:00:00
C-0130,Payment Verified,2025-02-01 05:51:00
C-0130,Item Picked,2025-02-02 04:40:00
C-0130,Item Packed,2025-02-03 23:31:00
C-0130,Shipped,2025-02-04 19:00:00
C-0130,Delivered,2025-02-06 01:33:00
C-0131,Order Received,2025-01-28 00:00:00
C-0131,Payment Verified,2025-01-28 02:53:00
C-0131,Item Picked,2025-01-30 03:29:00
C-0131,Item Packed,2025-01-30 20:33:00
C-0131,Shipped,2025-01-31 10:34:00
C-0131,Delivered,2025-02-02 09:58:00
C-0132,Order Received,2025-03-02 00:00:00
C-0132,Payment Verified,2025-03-02 21:45:00
C-0132,Item Picked,2025-03-04 02:23:00
C-0132,Item Packed,2025-03-05 00:37:00
C-0132,Shipped,2025-03-05 06:42:00
C-0132,Return Requested,2025-03-05 14:32:00
C-0133,Order Received,2025-03-04 00:00:00
C-0133,Payment Verified,2025-03-05 23:09:00
C-0133,Item Picked,2025-03-06 17:33:00
C-0133,Quality Check,2025-03-07 18:33:00
C-0133,Item Packed,2025-03-09 14:57:00
C-0133,Shipped,2025-03-10 01:15:00
C-0133,Delivered,2025-03-11 21:40:00
C-0134,Order Received,2025-03-24 00:00:00
C-0134,Payment Verified,2025-03-25 11:38:00
C-0134,Item Picked,2025-03-25 18:08:00
C-0134,Item Packed,2025-03-25 20:18:00
C-0134,Shipped,2025-03-26 00:25:00
C-0134,Delivered,2025-03-26 21:25:00
C-0135,Order Received,2025-01-08 00:00:00
C-0135,Payment Verified,2025-01-08 09:34:00
C-0135,Item Picked,2025-01-09 20:19:00
C-0135,Item Packed,2025-01-10 14:27:00
C-0135,Shipped,2025-01-11 02:41:00
C-0135,Delivered,2025-01-12 06:26:00
C-0136,Order Received,2025-01-15 00:00:00
C-0136,Payment Verified,2025-01-16 10:50:00
C-0136,Item Out of Stock,2025-01-18 06:12:00
C-0136,Customer Notified,2025-01-18 08:44:00
C-0136,Order Cancelled,2025-01-20 07:58:00
C-0137,Order Received,2025-01-10 00:00:00
C-0137,Payment Verified,2025-01-10 17:49:00
C-0137,Item Picked,2025-01-11 05:07:00
C-0137,Item Packed,2025-01-13 00:04:00
C-0137,Shipped,2025-01-14 16:20:00
C-0137,Delivered,2025-01-14 20:53:00
C-0138,Order Received,2025-02-27 00:00:00
C-0138,Payment Verified,2025-02-27 13:21:00
C-0138,Item Picked,2025-02-28 18:26:00
C-0138,Item Packed,2025-03-01 18:27:00
C-0138,Shipped,2025-03-03 11:31:00
C-0138,Delivered,2025-03-04 04:48:00
C-0139,Order Received,2025-02-06 00:00:00
C-0139,Payment Verified,2025-02-06 18:06:00
C-0139,Item Picked,2025-02-08 00:35:00
C-0139,Item Packed,2025-02-08 15:06:00
C-0139,Shipped,2025-02-09 10:18:00
C-0139,Delivered,2025-02-11 05:12:00
C-0140,Order Received,2025-01-26 00:00:00
C-0140,Payment Verified,2025-01-27 03:19:00
C-0140,Item Picked,2025-01-28 23:20:00
C-0140,Item Packed,2025-01-29 20:06:00
C-0140,Shipped,2025-01-31 07:37:00
C-0140,Return Requested,2025-02-02 01:48:00
C-0141,Order Received,2025-03-04 00:00:00
C-0141,Payment Verified,2025-03-04 07:57:00
C-0141,Item Out of Stock,2025-03-05 01:35:00
C-0141,Customer Notified,2025-03-07 02:32:00
C-0141,Order Cancelled,2025-03-07 23:26:00
C-0142,Order Received,2025-03-07 00:00:00
C-0142,Payment Verified,2025-03-07 02:28:00
C-0142,Item Picked,2025-03-07 10:59:00
C-0142,Item Packed,2025-03-08 16:16:00
C-0142,Shipped,2025-03-10 11:08:00
C-0142,Delivered,2025-03-12 01:33:00
C-0143,Order Received,2025-03-23 00:00:00
C-0143,Payment Verified,2025-03-23 19:57:00
C-0143,Item Out of Stock,2025-03-25 01:14:00
C-0143,Customer Notified,2025-03-25 23:34:00
C-0143,Order Cancelled,2025-03-27 07:06:00
C-0144,Order Received,2025-01-06 00:00:00
C-0144,Payment Verified,2025-01-07 02:36:00
C-0144,Item Picked,2025-01-08 12:45:00
C-0144,Item Packed,2025-01-09 19:55:00
C-0144,Shipped,2025-01-09 22:29:00
C-0144,Return Requested,2025-01-11 20:18:00
C-0145,Order Received,2025-03-19 00:00:00
C-0145,Payment Verified,2025-03-19 19:25:00
C-0145,Item Out of Stock,2025-03-21 08:35:00
C-0145,Customer Notified,2025-03-21 10:20:00
C-0145,Order Cancelled,2025-03-23 05:59:00
C-0146,Order Received,2025-01-13 00:00:00
C-0146,Payment Verified,2025-01-13 21:56:00
C-0146,Item Picked,2025-01-14 08:51:00
C-0146,Quality Check,2025-01-15 16:48:00
C-0146,Item Packed,2025-01-16 14:54:00
C-0146,Shipped,2025-01-17 19:42:00
C-0146,Delivered,2025-01-19 19:40:00
C-0147,Order Received,2025-02-24 00:00:00
C-0147,Payment Verified,2025-02-24 08:27:00
C-0147,Item Picked,2025-02-25 15:30:00
C-0147,Item Packed,2025-02-26 08:23:00
C-0147,Shipped,2025-02-28 07:30:00
C-0147,Delivered,2025-03-01 12:08:00
C-0148,Order Received,2025-02-23 00:00:00
C-0148,Payment Verified,2025-02-23 11:43:00
C-0148,Item Picked,2025-02-24 05:20:00
C-0148,Item Packed,2025-02-25 15:27:00
C-0148,Shipped,2025-02-27 08:02:00
C-0148,Delivered,2025-03-01 03:19:00
C-0149,Order Received,2025-03-29 00:00:00
C-0149,Payment Verified,2025-03-29 08:50:00
C-0149,Item Picked,2025-03-31 07:38:00
C-0149,Item Packed,2025-03-31 21:10:00
C-0149,Shipped,2025-04-02 20:24:00
C-0149,Delivered,2025-04-04 17:53:00
C-0150,Order Received,2025-03-02 00:00:00
C-0150,Payment Verified,2025-03-02 08:23:00
C-0150,Item Out of Stock,2025-03-02 12:26:00
C-0150,Customer Notified,2025-03-02 14:57:00
C-0150,Order Cancelled,2025-03-03 09:44:00
C-0151,Order Received,2025-03-17 00:00:00
C-0151,Payment Verified,2025-03-18 06:56:00
C-0151,Item Picked,2025-03-19 11:46:00
C-0151,Item Packed,2025-03-20 12:57:00
C-0151,Shipped,2025-03-21 04:34:00
C-0151,Delivered,2025-03-23 01:33:00
C-0152,Order Received,2025-02-01 00:00:00
C-0152,Payment Verified,2025-02-01 17:46:00
C-0152,Item Picked,2025-02-03 06:37:00
C-0152,Item Packed,2025-02-03 15:41:00
C-0152,Shipped,2025-02-05 03:22:00
C-0152,Delivered,2025-02-06 07:03:00
C-0153,Order Received,2025-01-03 00:00:00
C-0153,Payment Verified,2025-01-04 05:31:00
C-0153,Item Picked,2025-01-05 09:34:00
C-0153,Item Packed,2025-01-05 16:42:00
C-0153,Shipped,2025-01-07 03:18:00
C-0153,Return Requested,2025-01-07 04:48:00
C-0154,Order Received,2025-03-23 00:00:00
C-0154,Payment Verified,2025-03-24 14:34:00
C-0154,Item Picked,2025-03-25 00:45:00
C-0154,Quality Check,2025-03-25 03:39:00
C-0154,Item Packed,2025-03-26 00:42:00
C-0154,Shipped,2025-03-27 23:59:00
C-0154,Delivered,2025-03-28 23:18:00
C-0155,Order Received,2025-01-27 00:00:00
C-0155,Payment Verified,2025-01-27 18:51:00
C-0155,Item Picked,2025-01-29 02:34:00
C-0155,Item Packed,2025-01-30 14:09:00
C-0155,Shipped,2025-02-01 14:38:00
C-0155,Delivered,2025-02-03 03:23:00
C-0156,Order Received,2025-01-14 00:00:00
C-0156,Payment Verified,2025-01-15 10:06:00
C-0156,Item Picked,2025-01-17 02:38:00
C-0156,Item Packed,2025-01-18 15:42:00
C-0156,Shipped,2025-01-20 00:23:00
C-0156,Delivered,2025-01-20 09:34:00
C-0157,Order Received,2025-03-29 00:00:00
C-0157,Payment Verified,2025-03-30 13:29:00
C-0157,Item Picked,2025-04-01 13:21:00
C-0157,Item Packed,2025-04-01 17:08:00
C-0157,Shipped,2025-04-03 12:36:00
C-0157,Delivered,2025-04-04 07:08:00
C-0158,Order Received,2025-01-10 00:00:00
C-0158,Payment Verified,2025-01-11 01:03:00
C-0158,Item Out of Stock,2025-01-12 00:37:00
C-0158,Customer Notified,2025-01-14 00:27:00
C-0158,Order Cancelled,2025-01-14 15:09:00
C-0159,Order Received,2025-02-15 00:00:00
C-0159,Payment Verified,2025-02-15 19:39:00
C-0159,Item Picked,2025-02-16 16:53:00
C-0159,Quality Check,2025-02-17 20:39:00
C-0159,Item Packed,2025-02-18 03:04:00
C-0159,Shipped,2025-02-19 02:37:00
C-0159,Delivered,2025-02-20 00:14:00
C-0160,Order Received,2025-03-02 00:00:00
C-0160,Payment Verified,2025-03-03 05:12:00
C-0160,Item Picked,2025-03-03 22:25:00
C-0160,Item Packed,2025-03-05 21:12:00
C-0160,Shipped,2025-03-07 13:17:00
C-0160,Delivered,2025-03-09 00:34:00
C-0161,Order Received,2025-02-18 00:00:00
C-0161,Payment Verified,2025-02-19 07:19:00
C-0161,Item Picked,2025-02-20 20:25:00
C-0161,Quality Check,2025-02-22 15:39:00
C-0161,Item Packed,2025-02-23 16:40:00
C-0161,Shipped,2025-02-25 00:28:00
C-0161,Delivered,2025-02-26 01:39:00
C-0162,Order Received,2025-03-18 00:00:00
C-0162,Payment Verified,2025-03-19 02:29:00
C-0162,Item Picked,2025-03-19 08:54:00
C-0162,Item Packed,2025-03-19 23:29:00
C-0162,Shipped,2025-03-20 20:34:00
C-0162,Delivered,2025-03-22 19:03:00
C-0163,Order Received,2025-01-14 00:00:00
C-0163,Payment Verified,2025-01-14 23:04:00
C-0163,Item Picked,2025-01-15 09:44:00
C-0163,Item Packed,2025-01-15 22:52:00
C-0163,Shipped,2025-01-16 14:22:00
C-0163,Delivered,2025-01-18 07:51:00
C-0164,Order Received,2025-03-05 00:00:00
C-0164,Payment Verified,2025-03-06 09:21:00
C-0164,Item Picked,2025-03-08 05:39:00
C-0164,Item Packed,2025-03-08 10:02:00
C-0164,Shipped,2025-03-10 04:15:00
C-0164,Delivered,2025-03-11 12:12:00
C-0165,Order Received,2025-02-11 00:00:00
C-0165,Payment Verified,2025-02-12 00:24:00
C-0165,Item Picked,2025-02-12 03:32:00
C-0165,Item Packed,2025-02-13 00:33:00
C-0165,Shipped,2025-02-14 06:38:00
C-0165,Delivered,2025-02-15 15:46:00
C-0166,Order Received,2025-03-11 00:00:00
C-0166,Payment Verified,2025-03-12 04:43:00
C-0166,Item Picked,2025-03-13 02:10:00
C-0166,Item Packed,2025-03-14 11:36:00
C-0166,Shipped,2025-03-15 01:00:00
C-0166,Return Requested,2025-03-16 16:29:00
C-0167,Order Received,2025-03-29 00:00:00
C-0167,Payment Verified,2025-03-30 11:52:00
C-0167,Item Picked,2025-03-31 23:03:00
C-0167,Item Packed,2025-04-01 05:12:00
C-0167,Shipped,2025-04-01 22:43:00
C-0167,Delivered,2025-04-03 03:51:00
C-0168,Order Received,2025-03-12 00:00:00
C-0168,Payment Verified,2025-03-12 22:20:00
C-0168,Item Picked,2025-03-14 13:40:00
C-0168,Quality Check,2025-03-15 20:16:00
C-0168,Item Packed,2025-03-17 05:22:00
C-0168,Shipped,2025-03-17 10:43:00
C-0168,Delivered,2025-03-18 09:59:00
C-0169,Order Received,2025-01-07 00:00:00
C-0169,Payment Verified,2025-01-07 09:45:00
C-0169,Item Picked,2025-01-08 10:19:00
C-0169,Item Packed,2025-01-08 14:31:00
C-0169,Shipped,2025-01-10 05:10:00
C-0169,Delivered,2025-01-11 23:07:00
C-0170,Order Received,2025-02-19 00:00:00
C-0170,Payment Verified,2025-02-19 10:30:00
C-0170,Item Picked,2025-02-21 03:18:00
C-0170,Quality Check,2025-02-22 13:40:00
C-0170,Item Packed,2025-02-23 09:23:00
C-0170,Shipped,2025-02-24 08:39:00
C-0170,Delivered,2025-02-25 04:43:00
C-0171,Order Received,2025-03-13 00:00:00
C-0171,Payment Verified,2025-03-13 11:25:00
C-0171,Item Picked,2025-03-15 02:25:00
C-0171,Quality Check,2025-03-16 17:29:00
C-0171,Item Packed,2025-03-17 14:18:00
C-0171,Shipped,2025-03-19 03:54:00
C-0171,Delivered,2025-03-19 07:24:00
C-0172,Order Received,2025-01-07 00:00:00
C-0172,Payment Verified,2025-01-08 12:00:00
C-0172,Item Out of Stock,2025-01-08 21:07:00
C-0172,Customer Notified,2025-01-09 20:17:00
C-0172,Order Cancelled,2025-01-10 01:49:00
C-0173,Order Received,2025-02-27 00:00:00
C-0173,Payment Verified,2025-02-28 10:46:00
C-0173,Item Picked,2025-03-01 22:05:00
C-0173,Item Packed,2025-03-03 12:05:00
C-0173,Shipped,2025-03-04 22:37:00
C-0173,Delivered,2025-03-06 05:17:00
C-0174,Order Received,2025-02-21 00:00:00
C-0174,Payment Verified,2025-02-22 15:55:00
C-0174,Item Picked,2025-02-24 10:13:00
C-0174,Item Packed,2025-02-25 06:57:00
C-0174,Shipped,2025-02-25 08:49:00
C-0174,Delivered,2025-02-26 09:08:00
C-0175,Order Received,2025-01-17 00:00:00
C-0175,Payment Verified,2025-01-17 19:23:00
C-0175,Item Picked,2025-01-19 07:01:00
C-0175,Item Packed,2025-01-20 03:14:00
C-0175,Shipped,2025-01-22 01:56:00
C-0175,Return Requested,2025-01-22 03:55:00
C-0176,Order Received,2025-02-10 00:00:00
C-0176,Payment Verified,2025-02-12 00:14:00
C-0176,Item Picked,2025-02-12 08:23:00
C-0176,Item Packed,2025-02-13 00:10:00
C-0176,Shipped,2025-02-14 09:08:00
C-0176,Delivered,2025-02-16 07:30:00
C-0177,Order Received,2025-02-10 00:00:00
C-0177,Payment Verified,2025-02-10 02:05:00
C-0177,Item Picked,2025-02-11 18:42:00
C-0177,Quality Check,2025-02-12 16:47:00
C-0177,Item Packed,2025-02-14 04:08:00
C-0177,Shipped,2025-02-15 01:10:00
C-0177,Delivered,2025-02-15 16:41:00
C-0178,Order Received,2025-03-29 00:00:00
C-0178,Payment Verified,2025-03-29 18:40:00
C-0178,Item Picked,2025-03-30 16:44:00
C-0178,Item Packed,2025-03-31 16:47:00
C-0178,Shipped,2025-04-01 04:01:00
C-0178,Delivered,2025-04-02 14:02:00
C-0179,Order Received,2025-02-05 00:00:00
C-0179,Payment Verified,2025-02-06 06:09:00
C-0179,Item Picked,2025-02-08 02:25:00
C-0179,Quality Check,2025-02-09 16:04:00
C-0179,Item Packed,2025-02-10 22:47:00
C-0179,Shipped,2025-02-11 19:09:00
C-0179,Delivered,2025-02-12 05:26:00
C-0180,Order Received,2025-03-25 00:00:00
C-0180,Payment Verified,2025-03-25 14:22:00
C-0180,Item Out of Stock,2025-03-26 23:55:00
C-0180,Customer Notified,2025-03-27 18:11:00
C-0180,Order Cancelled,2025-03-29 01:25:00
C-0181,Order Received,2025-01-04 00:00:00
C-0181,Payment Verified,2025-01-05 09:22:00
C-0181,Item Picked,2025-01-06 21:12:00
C-0181,Item Packed,2025-01-08 02:00:00
C-0181,Shipped,2025-01-09 11:16:00
C-0181,Delivered,2025-01-11 07:28:00
C-0182,Order Received,2025-01-06 00:00:00
C-0182,Payment Verified,2025-01-06 01:36:00
C-0182,Item Picked,2025-01-07 22:20:00
C-0182,Item Packed,2025-01-09 22:25:00
C-0182,Shipped,2025-01-11 01:28:00
C-0182,Delivered,2025-01-13 01:07:00
C-0183,Order Received,2025-01-17 00:00:00
C-0183,Payment Verified,2025-01-17 11:59:00
C-0183,Item Out of Stock,2025-01-18 01:44:00
C-0183,Customer Notified,2025-01-19 21:54:00
C-0183,Order Cancelled,2025-01-21 10:31:00
C-0184,Order Received,2025-02-02 00:00:00
C-0184,Payment Verified,2025-02-02 05:28:00
C-0184,Item Picked,2025-02-03 13:24:00
C-0184,Item Packed,2025-02-04 20:18:00
C-0184,Shipped,2025-02-06 13:21:00
C-0184,Delivered,2025-02-06 23:42:00
C-0185,Order Received,2025-02-02 00:00:00
C-0185,Payment Verified,2025-02-02 21:24:00
C-0185,Item Picked,2025-02-03 04:56:00
C-0185,Item Packed,2025-02-04 20:30:00
C-0185,Shipped,2025-02-06 03:14:00
C-0185,Delivered,2025-02-07 00:29:00
C-0186,Order Received,2025-01-13 00:00:00
C-0186,Payment Verified,2025-01-14 12:50:00
C-0186,Item Picked,2025-01-15 06:19:00
C-0186,Item Packed,2025-01-17 04:26:00
C-0186,Shipped,2025-01-18 17:36:00
C-0186,Delivered,2025-01-20 14:22:00
C-0187,Order Received,2025-02-06 00:00:00
C-0187,Payment Verified,2025-02-06 02:25:00
C-0187,Item Picked,2025-02-06 03:27:00
C-0187,Item Packed,2025-02-06 08:36:00
C-0187,Shipped,2025-02-06 16:08:00
C-0187,Delivered,2025-02-07 01:00:00
C-0188,Order Received,2025-03-14 00:00:00
C-0188,Payment Verified,2025-03-14 09:35:00
C-0188,Item Picked,2025-03-14 15:01:00
C-0188,Item Packed,2025-03-14 18:46:00
C-0188,Shipped,2025-03-15 19:31:00
C-0188,Return Requested,2025-03-16 04:40:00
C-0189,Order Received,2025-03-11 00:00:00
C-0189,Payment Verified,2025-03-12 08:05:00
C-0189,Item Picked,2025-03-13 09:24:00
C-0189,Quality Check,2025-03-13 11:33:00
C-0189,Item Packed,2025-03-14 18:06:00
C-0189,Shipped,2025-03-16 18:10:00
C-0189,Delivered,2025-03-17 10:31:00
C-0190,Order Received,2025-03-18 00:00:00
C-0190,Payment Verified,2025-03-18 09:34:00
C-0190,Item Picked,2025-03-18 14:29:00
C-0190,Item Packed,2025-03-18 18:50:00
C-0190,Shipped,2025-03-20 04:42:00
C-0190,Delivered,2025-03-20 06:20:00
C-0191,Order Received,2025-03-23 00:00:00
C-0191,Payment Verified,2025-03-23 19:14:00
C-0191,Item Picked,2025-03-25 01:41:00
C-0191,Item Packed,2025-03-25 07:25:00
C-0191,Shipped,2025-03-26 21:39:00
C-0191,Delivered,2025-03-28 12:14:00
C-0192,Order Received,2025-02-14 00:00:00
C-0192,Payment Verified,2025-02-14 07:40:00
C-0192,Item Picked,2025-02-14 12:26:00
C-0192,Item Packed,2025-02-15 03:19:00
C-0192,Shipped,2025-02-17 01:18:00
C-0192,Delivered,2025-02-18 18:32:00
C-0193,Order Received,2025-03-04 00:00:00
C-0193,Payment Verified,2025-03-04 21:26:00
C-0193,Item Picked,2025-03-05 04:11:00
C-0193,Item Packed,2025-03-06 02:38:00
C-0193,Shipped,2025-03-06 23:57:00
C-0193,Delivered,2025-03-07 03:58:00
C-0194,Order Received,2025-01-02 00:00:00
C-0194,Payment Verified,2025-01-04 00:06:00
C-0194,Item Picked,2025-01-05 00:18:00
C-0194,Item Packed,2025-01-06 04:00:00
C-0194,Shipped,2025-01-07 10:49:00
C-0194,Delivered,2025-01-08 12:41:00
C-0195,Order Received,2025-02-06 00:00:00
C-0195,Payment Verified,2025-02-06 12:37:00
C-0195,Item Out of Stock,2025-02-08 08:10:00
C-0195,Customer Notified,2025-02-08 10:03:00
C-0195,Order Cancelled,2025-02-09 01:53:00
C-0196,Order Received,2025-01-15 00:00:00
C-0196,Payment Verified,2025-01-16 00:18:00
C-0196,Item Picked,2025-01-16 21:50:00
C-0196,Item Packed,2025-01-18 01:00:00
C-0196,Shipped,2025-01-19 22:40:00
C-0196,Delivered,2025-01-20 06:45:00
C-0197,Order Received,2025-01-07 00:00:00
C-0197,Payment Verified,2025-01-08 02:33:00
C-0197,Item Picked,2025-01-09 02:56:00
C-0197,Item Packed,2025-01-10 13:46:00
C-0197,Shipped,2025-01-11 11:11:00
C-0197,Return Requested,2025-01-13 01:19:00
C-0198,Order Received,2025-01-01 00:00:00
C-0198,Payment Verified,2025-01-02 17:13:00
C-0198,Item Picked,2025-01-03 18:45:00
C-0198,Item Packed,2025-01-04 08:13:00
C-0198,Shipped,2025-01-05 02:34:00
C-0198,Delivered,2025-01-06 17:59:00
C-0199,Order Received,2025-02-26 00:00:00
C-0199,Payment Verified,2025-02-27 00:38:00
C-0199,Item Picked,2025-02-28 06:28:00
C-0199,Quality Check,2025-02-28 13:55:00
C-0199,Item Packed,2025-02-28 15:43:00
C-0199,Shipped,2025-02-28 19:36:00
C-0199,Delivered,2025-03-01 07:52:00
C-0200,Order Received,2025-03-27 00:00:00
C-0200,Payment Verified,2025-03-27 10:58:00
C-0200,Item Picked,2025-03-27 19:01:00
C-0200,Item Packed,2025-03-29 10:22:00
C-0200,Shipped,2025-03-29 15:40:00
C-0200,Delivered,2025-03-30 20:14:00
